nama_barang,total_value,revenue_pct,cum_revenue_pct,ABC_class
APP APPLE AIRPODS (4TH GEN) WITH ANC,3499000,0.03241836503603525,95.01032949496721,C
PR4-MOBILE-ADLD12-07,3498000,0.032409099998871475,95.04273859496608,C
IT1 LUCID WIRELESS POWERBANK WPB21 BLACK,3495000,0.03238130488738016,95.07511989985346,C
PR3-IP13-ADLD12+12-05,3495000,0.03238130488738016,95.10750120474084,C
IT1 SMART OUTDOOR CAMERA C06,3495000,0.03238130488738016,95.13988250962822,C
XIM SMART PEN-WHT,3495000,0.03238130488738016,95.1722638145156,C
IT1 SMART INDOOR ASTRO CAMERA C03,3493000,0.032362774813052615,95.20462658932865,C
CHANGHONG 2K QLED GOOGLE TV L43QCN1,3399000,0.03149186131965813,95.2361184506483,C
REDMI 13X 8/128GB SILK BLUE,3398000,0.031482596282494356,95.2676010469308,C
LMA TEMPERED GLASS IP 13/13 PRO/14 CLEAR,3383000,0.03134362072503779,95.29894466765585,C
INFINIX SMART 10 4/64GB BLUE,3347000,0.031010079387142026,95.32995474704299,C
XIM SMART BAND 9 ACTIVE PNK,3310000,0.0306672730120825,95.36062202005508,C
VIVO V40 LITE 4G 8/128GB PURPLE,3299000,0.030565357603281013,95.39118737765835,C
TECNO POVA 7 5G 8/256 SILVER,3199000,0.029638853886903897,95.42082623154526,C
REDMI NOTE 14 5G 8/256GB GREEN,3199000,0.029638853886903897,95.45046508543217,C
SAMSUNG GALAXY A05 4/128 GREEN +CHARGER,3198000,0.029629588849740127,95.48009467428191,C
REDMI 14C 8/256GB STARRY BLUE,3198000,0.029629588849740127,95.50972426313166,C
SAMSUNG GALAXY A05 4/128 BLACK +CHARGER,3198000,0.029629588849740127,95.5393538519814,C
SAMSUNG GALAXY A06 4/128 BLUE +CHARGER,3198000,0.029629588849740127,95.56898344083115,C
OPPO A5 PRO 8/128GB GREEN,3099000,0.028712350170526785,95.59769579100167,C
APP IPHONE 16 PRO SI CASE BLACK,3057000,0.028323218609648395,95.62601900961131,C
IT1 PLUG IT 40 - BLK,3003000,0.027822906602804755,95.65384191621412,C
MHL MAJOR V BLACK,2999000,0.027785846454149672,95.68162776266827,C
SAMSUNG GALAXY A17 8/128 BLACK+CHARGER,2999000,0.027785846454149672,95.70941360912242,C
PR4-MOBILE-ADLD24+EW12-07,2999000,0.027785846454149672,95.73719945557657,C
HUAWEI WATCH FIT 4 PRO BLACK,2999000,0.027785846454149672,95.76498530203072,C
SAMSUNG GALAXY A17 8/128 GRAY+CHARGER,2999000,0.027785846454149672,95.79277114848487,C
IT1 MULTI PORT LAPTOP STAND 7 IN 1 GRY,2998000,0.0277765814169859,95.82054772990186,C
IT1 SMART FLOODLIGHT CAMERA FC11,2998000,0.0277765814169859,95.84832431131885,C
REALME NOTE 70 4/128GB OBSIDIAN BLACK,2998000,0.0277765814169859,95.87610089273583,C
IT1 ACTIVE WATCH EXCEED PRO WR03 - BLACK,2997000,0.02776731637982213,95.90386820911566,C
XIAOMI FOCUS PEN (WHITE),2997000,0.02776731637982213,95.93163552549548,C
IT1 SMART PET FEEDER 4L PE01,2997000,0.02776731637982213,95.9594028418753,C
PR4-MOBILE-ADLD12-04,2994000,0.027739521268330812,95.98714236314363,C
TECNO CAMON 40 8/256 WHITE,2899000,0.026859342737772556,96.01400170588141,C
TECNO SPARK 40 PRO+ 8/256 BLACK,2899000,0.026859342737772556,96.04086104861919,C
TECNO SPARK 30C 6/128 BLACK,2898000,0.026850077700608786,96.06771112631981,C
SON DUALSENSE INDIGO CFI-ZCT1G11,2898000,0.026850077700608786,96.09456120402042,C
IT1 POWERBANK SLIM PB11 10000 MAH BLK,2874000,0.026627716808678276,96.1211889208291,C
INFINIX NOTE 50 4G 8/256GB GREEN,2799000,0.025932839021395437,96.14712175985049,C
INFINIX NOTE 50 4G 8/256GB GRAY,2799000,0.025932839021395437,96.17305459887189,C
XIM REDMI WATCH 5 OBSIDIAN BLACK,2798000,0.02592357398423167,96.19897817285612,C
REALME NOTE 70 4/64GB BEACH GOLD,2798000,0.02592357398423167,96.22490174684035,C
IT1 SMART DEHUMIDIFIER 3L DH01,2798000,0.02592357398423167,96.25082532082457,C
SAM GALAXY BUDS FE BLACK,2798000,0.02592357398423167,96.2767488948088,C
SAMSUNG GALAXY A05 4/64 SILVER +CHARGER,2798000,0.02592357398423167,96.30267246879303,C
SAMSUNG GALAXY A05 4/64 BLACK +CHARGER,2798000,0.02592357398423167,96.32859604277726,C
HWE GT5 46MM BLACK,2699000,0.025006335305018324,96.35360237808229,C
REALME NOTE 60X 4/128GB WILDERNESS GREEN,2698000,0.024997070267854554,96.37859944835014,C
ADLD12-MOBILE-20P-02,2629000,0.024357782703554345,96.4029572310537,C
INFINIX HOT 50 PRO+ 8/256GB GREY,2599000,0.02407983158864121,96.42703706264234,C
XIAOMI REDMI NOTE 14 8/256GB - MIDNIGHT BLACK,2599000,0.02407983158864121,96.45111689423098,C
SAMSUNG GALAXY TAB A9 LTE 4/64GB - GRAPHITE,2599000,0.02407983158864121,96.47519672581961,C
OPPO A5 8/128GB GREEN,2599000,0.02407983158864121,96.49927655740825,C
VIVO Y21D 6/256GB BLACK,2599000,0.02407983158864121,96.52335638899689,C
REDMI NOTE 14 8/256GB MIST PURPLE,2599000,0.02407983158864121,96.54743622058552,C
SAMSUNG GALAXY TABA11 4/64 GRAY+CHARGER,2499000,0.023153327872264096,96.57058954845779,C
PR4-MOBILE-ADLD12-08,2499000,0.023153327872264096,96.59374287633005,C
INFINIX SMART 10 4/128GB GOLD,2498000,0.023144062835100326,96.61688693916516,C
LMA TEMPERED GLASS IPHONE 16 PRO + APP,2495000,0.02311626772360901,96.64000320688876,C
IT SMART WALL SOCKET P07 WITH USB QUICK CHARGE 3.0,2495000,0.02311626772360901,96.66311947461237,C
LOP MICUBE PORTABLE X11 - RED,2490000,0.023069942537790156,96.68618941715016,C
IT1 PLUG IT1 30 CHARGER - WHT,2490000,0.023069942537790156,96.70925935968795,C
TECNO POVA 6 8/256 BLUE,2399000,0.022226824155886983,96.73148618384384,C
REDMI NOTE 13 ICE BLUE 8/256GB,2399000,0.022226824155886983,96.75371300799974,C
REDMI NOTE 13 OCEAN SUNSET 8/256GB,2399000,0.022226824155886983,96.77593983215563,C
REALME C75 8/128GB STORM BLACK,2399000,0.022226824155886983,96.79816665631152,C
REDMI NOTE 14 8/128GB MIST PURPLE,2399000,0.022226824155886983,96.82039348046742,C
TECNO POVA 7 8/256 SILVER,2399000,0.022226824155886983,96.84262030462331,C
VIVO Y21D 6/128GB BLACK,2399000,0.022226824155886983,96.8648471287792,C
INFINIX SMART 10 4/128GB BLUE,2398000,0.02221755911872321,96.88706468789793,C
REDMI A5 4/128GB SANDY GOLD,2398000,0.02221755911872321,96.90928224701666,C
IT1 3 IN 1 WIRELESS CHARGER FLIP-BLACK,2397000,0.02220829408155944,96.93149054109823,C
IT1 ACTIVE WATCH CURVE WR01 - BLACK,2397000,0.02220829408155944,96.9536988351798,C
IT1 WIRELESS LAVALIER MIC LM01,2396000,0.02219902904439567,96.9758978642242,C
REDMI 15 8/256GB MIDNIGHT BLACK,2299000,0.021300320439509867,96.9971981846637,C
REDMI 15 8/256GB TITAN GRAY,2299000,0.021300320439509867,97.01849850510321,C
TECNO SPARK 30 PRO 8/256 BLACK,2299000,0.021300320439509867,97.03979882554272,C
SAM GALAXY BUDS3 - WHITE,2299000,0.021300320439509867,97.06109914598223,C
JBL T520BTBLK-DIR,2298000,0.021291055402346097,97.08239020138457,C
TECNO POVA 7 8/128 BLACK,2199000,0.02037381672313275,97.1027640181077,C
TECNO POVA 7 8/128 SILVER,2199000,0.02037381672313275,97.12313783483084,C
SAMSUNG GALAXY A06 5G 6/128 GRN +CHARGER,2199000,0.02037381672313275,97.14351165155398,C
INFINIX SMART 10 4/64GB SLV,2198000,0.02036455168596898,97.16387620323995,C
TECNO SPARK GO 1 4/64 BLACK,2198000,0.02036455168596898,97.18424075492592,C
LMA TEMPERED GLASS IPHONE 15 + APP,2145000,0.019873504716289108,97.20411425964221,C
LMA TEMPERED GLASS IPHONE 15 PLUS + APP,2145000,0.019873504716289108,97.2239877643585,C
JBL FLIP 6 GRY,2125000,0.01968820397301369,97.24367596833152,C
JBL FLIP 6 GRN,2125000,0.01968820397301369,97.26336417230453,C
SAMSUNG GALAXY A06 5G 6/128GB - BLACK,2099000,0.01944731300675564,97.28281148531129,C
REDMI 15 8/128GB SANDY PURPLE,2099000,0.01944731300675564,97.30225879831804,C
VIVO Y21D 4/128GB BLACK,2099000,0.01944731300675564,97.32170611132479,C
IT1 THUNDERBEAT MINI T08,2097000,0.019428782932428095,97.34113489425721,C
IT1 SMART LED BULB 9W RGBWW BT01,2086000,0.019326867523626612,97.36046176178084,C
APPLE IPHONE 16 PRO CLEAR CASE WITH MAGSAFE,2038000,0.0188821457397656,97.3793439075206,C
APP IPHONE 16 PRO MAX SI CASE BLACK,2038000,0.0188821457397656,97.39822605326037,C
IT1 SMART PURIFIER BLADELESS S80 LDU,1999000,0.018520809290378522,97.41674686255075,C
IT1 NOBLE BT SPEAKER T11 - CREAM,1998000,0.018511544253214753,97.43525840680397,C
TSELHALO DEVICE BOLD 100 12 BULAN PD,1998000,0.018511544253214753,97.45376995105718,C
TSEL HALO PLUS DEVICE PLAN 100K-12M (NS),1998000,0.018511544253214753,97.4722814953104,C
LOP EARCLIP TWS BREEZE X23 - BEIGE,1995000,0.01848374914172344,97.49076524445212,C
ADLD12-MOBILE-20P-04,1995000,0.01848374914172344,97.50924899359384,C
XIAOMI SMART BAND 10 MIDNIGHT BLACK,1947000,0.018039027357862423,97.5272880209517,C
IT1 POWERBANK SLIM PB11 10000MAH - GREEN,1916000,0.017751811205785516,97.54503983215749,C
ADLD12-MOBILE-20P-03,1914000,0.017733281131457973,97.56277311328894,C
HUAWEI WATCH FIT 4 WHITE,1899000,0.017594305574001406,97.58036741886295,C
HUAWEI WATCH FIT 4 PURPLE,1899000,0.017594305574001406,97.59796172443696,C
REDMI 15C 8/256GB TWILIGHT ORANGE,1849000,0.01713105371581285,97.61509277815277,C
REDMI 15C 8/256GB MINT GREEN,1849000,0.01713105371581285,97.63222383186859,C
XIM REDMI WATCH 5 ACTIVE MIDNIGHT BLACK,1836000,0.017010608232683824,97.64923444010127,C
REDMI 13X 8/256GB SILK GOLD,1799000,0.016667801857624294,97.66590224195889,C
VIVO Y19S PRO 4/128GB - BLACK,1799000,0.016667801857624294,97.68257004381651,C
REDMI 13X 8/256GB SILK BLUE,1799000,0.016667801857624294,97.69923784567413,C
REDMI 15C 8/256GB MOONLIGHT BLUE,1799000,0.016667801857624294,97.71590564753176,C
HWE WATCH FIT 3 WHITE,1799000,0.016667801857624294,97.73257344938938,C
INFINIX HOT 60I 8/256GB BLACK,1799000,0.016667801857624294,97.749241251247,C
INFINIX HOT 50 6/256GB GREY,1799000,0.016667801857624294,97.76590905310462,C
REDMI 13 8/256GB MIDNIGHT BLACK,1799000,0.016667801857624294,97.78257685496224,C
RLM BUDS AIR 6 PRO SILVER BLUE,1798000,0.016658536820460524,97.7992353917827,C
"IT1 SLIM LAPTOP SLEEVE LSS01 13"" AMY",1797000,0.01664927178329675,97.815884663566,C
IT1 SMART LED GARDEN LIGHT L01,1797000,0.01664927178329675,97.83253393534929,C
PR4-TECPROTEC-UT12-03,1796000,0.01664000674613298,97.84917394209542,C
LOP POWERBANK DUALPORT 10K MAH LP02 -BLK,1794000,0.016621476671805437,97.86579541876722,C
IT1 TWEED PWR CABLE USB C TO C 1.2M-WHT,1791000,0.016593681560314124,97.88238910032753,C
IT1 PC-USB C TO C CABLE 1.2 M WHT,1791000,0.016593681560314124,97.89898278188784,C
PR3-TECPROTEC-ADLD12-07,1749000,0.016204549999435738,97.91518733188727,C
IT1 PC - USB C TO LIGHTNING 1.2M-MAUVE,1745000,0.01616748985078065,97.93135482173805,C
IT1 PC - USB C TO L - WHT,1745000,0.01616748985078065,97.94752231158884,C
XIM SMART CAMERA C200,1745000,0.01616748985078065,97.96368980143963,C
XIM REDMI BUDS 6 PLAY BLACK,1727000,0.01600071918183277,97.97969052062146,C
INDOSAT-PLATINUM 100GB 6 BLN (NS),1700000,0.015750563178410948,97.99544108379988,C
TECNO SPARK 30C 8/256 WHITE,1699000,0.015741298141247178,98.01118238194113,C
VIVO Y19S 4/128GB SILVER,1699000,0.015741298141247178,98.02692368008238,C
TECNO SPARK 30C 8/256 GOLD,1699000,0.015741298141247178,98.04266497822363,C
TECNO SPARK 30C 8/256 BLACK,1699000,0.015741298141247178,98.05840627636488,C
REDMI 13 8/128GB SANDY GOLD,1699000,0.015741298141247178,98.07414757450613,C
REDMI 13X 8/128GB SILK GOLD,1699000,0.015741298141247178,98.08988887264738,C
TELKOMSEL HALO DEVICE PLANE 100K-6M(NS),1665000,0.015426286877678958,98.10531515952506,C
XIM SMART BAND 9 ACTIVE BLK,1665000,0.015426286877678958,98.12074144640275,C
REDMI 15C 6/128GB MIDNIGHT BLACK,1649000,0.01527804628305862,98.1360194926858,C
REDMI 15C 6/128GB MINT GREEN,1649000,0.01527804628305862,98.15129753896886,C
SAMSUNG GALAXY A06 4/128 GREEN +CHARGER,1599000,0.014814794424870064,98.16611233339373,C
REDMI 14C 8/256GB DREAMY PURPLE,1599000,0.014814794424870064,98.18092712781859,C
SAMSUNG GALAXY A05 4/128 SILVER +CHARGER,1599000,0.014814794424870064,98.19574192224346,C
REDMI PAD SE 8.7 4/128GB GRAPHITE GRAY,1599000,0.014814794424870064,98.21055671666832,C
REALME C71 4/128GB WHITE SWAN,1599000,0.014814794424870064,98.22537151109319,C
REALME C71 4/128GB FOREST OWL,1599000,0.014814794424870064,98.24018630551805,C
IT 3 IN 1 WIRELESS CHARGER FLIP - WHITE,1598000,0.014805529387706292,98.25499183490575,C
IT1 BT HEADPHONE SONIC ANC WH01 - BLACK,1598000,0.014805529387706292,98.26979736429345,C
LOP EARCLIP TWS BREEZE X23 - BLACK,1596000,0.014786999313378752,98.28458436360683,C
LOP TWS CRYSTAL X21 - BLACK,1596000,0.014786999313378752,98.2993713629202,C
REALME NOTE 70 4/128GB BEACH GOLD,1499000,0.01388829070849295,98.31325965362869,C
INFINIX SMART 10 PLUS 8/128GB SLV,1499000,0.01388829070849295,98.32714794433718,C
OPPO A3X 4/64GB NEBULA RED,1499000,0.01388829070849295,98.34103623504568,C
VIVO Y04S 4/128GB VIOLET,1499000,0.01388829070849295,98.35492452575417,C
"IT1 SLIM LAPTOP SLEEVE LSS02 13"" PNK",1497000,0.013869760634165406,98.36879428638834,C
IT1 SMART ASTRO CAMERA C03 - BLACK,1497000,0.013869760634165406,98.3826640470225,C
LOP TWS POCKET X28 - CREAM,1495000,0.013851230559837864,98.39651527758234,C
SON DUALSENSE TEAL CFI-ZCT1G10,1449000,0.013425038850304393,98.40994031643264,C
LOP DUAL PORT CHARGER 30W,1432000,0.013267533218520283,98.42320784965116,C
IMO Z1 SMARTWATCH BLUE,1399000,0.012961786992115835,98.43616963664329,C
SAM GALAXY BUDS FE WHITE,1399000,0.012961786992115835,98.44913142363541,C
XIM REDMI WATCH 5 SILVER GRAY,1399000,0.012961786992115835,98.46209321062753,C
XIAOMI REDMI WATCH 5 - OBSIDIAN BLACK,1399000,0.012961786992115835,98.47505499761965,C
REDMI 14C 6/128GB STARRY BLUE,1399000,0.012961786992115835,98.48801678461177,C
IMO Z1 SMARTWATCH PINK,1399000,0.012961786992115835,98.5009785716039,C
SAMSUNG GALAXY A07 4/64 VIOLET +CHARGER,1399000,0.012961786992115835,98.51394035859602,C
REDMI 14C 6/128GB DREAMY PURPLE,1399000,0.012961786992115835,98.52690214558814,C
PR4-WATCH-ADLD12-05,1398000,0.012952521954952065,98.5398546675431,C
PR4-TELEVISION-ADLD12-05,1398000,0.012952521954952065,98.55280718949805,C
IT1 POWER TURBO USB 4.0 C TO C CABLE BLK,1396000,0.012933991880624522,98.56574118137868,C
LOP BONE CONDUCTION X17 LITE - BLACK,1395000,0.01292472684346075,98.57866590822215,C
XIM MI COMPACT HAIR DRYER H101 (WHT),1384000,0.012822811434659267,98.59148871965681,C
XIM MI COMPACT HAIR DRYER H101 (PNK),1384000,0.012822811434659267,98.60431153109147,C
LMA TG IPHONE 14 PRO MAX CLR,1377000,0.012757956174512869,98.61706948726598,C
IT1 TRANS SILICA CABLE C TO L BLK,1375000,0.012739426100185327,98.62980891336616,C
XIM SMART BAND 9 ACTIVE BEIGE WHT,1326000,0.01228543927916054,98.64209435264532,C
XIM PB 10000MAH (INTEGRATED CABLE) TAN,1314000,0.012174258833195287,98.65426861147851,C
SKZ S661 OPENMOVE WHT,1299000,0.012035283275738719,98.66630389475425,C
IT1 SMART DEHUMIDIFIER 3L DH01 - LDU,1299000,0.012035283275738719,98.67833917802999,C
XIAOMI SMART BAND 10 MYSTIC ROSE,1298000,0.01202601823857495,98.69036519626856,C
LOP TYPE C PORT CHARGER 30W-WHT,1290000,0.011951897941264781,98.70231709420982,C
LOP DUALPORT CHARGER 20W,1290000,0.011951897941264781,98.71426899215108,C
IT1 SMART LED BULB 12W RGBWW BT02,1253000,0.011609091566205246,98.72587808371728,C
REALME NOTE 60 4/64GB VOYAGE BLUE,1249000,0.011572031417550163,98.73745011513482,C
PR3-TECPROTEC-ADLD12-06,1249000,0.011572031417550163,98.74902214655236,C
DJI OSMO MOBILE 7,1240000,0.011488646083076221,98.76051079263544,C
XL XMARTPLAN 10GB 1Y,1200000,0.011118044596525377,98.77162883723197,C
TECNO SPARK GO 2 4/128 BLACK,1199000,0.011108779559361605,98.78273761679134,C
XIM REDMI WATCH 4 OBSIDIAN BLACK,1199000,0.011108779559361605,98.7938463963507,C
IT SMART WIFI WATER DISPENSER FOUNTAIN P03 ANJING KUCING 2L - WHITE,1199000,0.011108779559361605,98.80495517591007,C
TECNO SPARK GO 2 4/128 GREY,1199000,0.011108779559361605,98.81606395546943,C
XIM REDMI WATCH 4 SILVER GRAY,1199000,0.011108779559361605,98.8271727350288,C
INFINIX SMART 10 4/128GB BLACK,1199000,0.011108779559361605,98.83828151458816,C
IT1 TUNEBUDS TWS GALAXY T57 - BLK,1198000,0.011099514522197835,98.84938102911036,C
IT1 WIRELESS MAGNETIC CAR CHARGER WM01,1198000,0.011099514522197835,98.86048054363256,C
XIM REDMI BUDS 6 - NIGHT BLACK,1198000,0.011099514522197835,98.87158005815476,C
IT1 WIRELESS MAGNETIC CAR CHARGER WM02,1198000,0.011099514522197835,98.88267957267696,C
IT 1TUNEBUDS TWS GALAXY T57 - WHT,1198000,0.011099514522197835,98.89377908719916,C
ADLD12-TABLET-20P-04,1197000,0.011090249485034063,98.9048693366842,C
XIM OUTDOOR CAMERA AW200,1197000,0.011090249485034063,98.91595958616924,C
PR4-TELEVISION-ADLD12-03,1197000,0.011090249485034063,98.92704983565427,C
SDK E.PRO MICROSDXC 64GB - 200MB/S,1196000,0.011080984447870293,98.93813082010215,C
IT1 PLUG IT 30 W CUBE -BLK,1196000,0.011080984447870293,98.94921180455002,C
PR3-ADLD12-SAVE100K-03,1196000,0.011080984447870293,98.96029278899789,C
IT1 SMART LED BULB 12W,1194000,0.01106245437354275,98.97135524337143,C
TWS EARPHONE INFINIX XE30 BLACK ID,1194000,0.01106245437354275,98.98241769774498,C
PR3-ADLD12-SAVE100K-01,1194000,0.01106245437354275,98.99348015211852,C
PR4-TECPROTEC-UT12-04,1148000,0.010636262664009277,99.00411641478253,C
IT1 TRANS SILICA CABLE C TO L MFI BLUE,1100000,0.010191540880148262,99.01430795566267,C
INFINIX SMART 10 4/64GB BLACK,1099000,0.01018227584298449,99.02449023150565,C
TECNO SPARK GO 2 4/64 WHITE,1099000,0.01018227584298449,99.03467250734863,C
TECNO SPARK GO 2 4/64 BLACK,1099000,0.01018227584298449,99.04485478319161,C
TECNO SPARK GO 1 4/64 GOLD,1099000,0.01018227584298449,99.05503705903459,C
SAM TRAVEL ADAPTER (45W) TYPE C-NEW,1098000,0.010173010805820719,99.0652100698404,C
XIM OUTDOOR CAMERA AW300,1098000,0.010173010805820719,99.07538308064622,C
LOP TYPE C PORT CHARGER 20W-WHT,1089000,0.010089625471346779,99.08547270611757,C
IT1 DUAL PORT CAR CHARGER PD PPS 48W-BLK,1047000,0.009700493910468391,99.09517320002804,C
XIM SMART BAND 9 MIDNIGHT BLACK,1038000,0.00961710857599445,99.10479030860404,C
SON PS5 GOD OF WAR RAGNAROK(ECAS-00026E),1029000,0.009533723241520511,99.11432403184556,C
LMA ACTIVE PRO ELITE SHIELD+HK WET MATTE,1027000,0.009515193167192968,99.12383922501274,C
JBL GO 2 BLU,1020000,0.009450337907046571,99.13328956291978,C
APPLE IPHONE 16 PRO MAX CLEAR CASE WITH MAGSAFE,1019000,0.0094410728698828,99.14273063578966,C
"APPLE IPHONE 16 PLUS SILICONE CASE WITH MAGSAFE, BLACK",1019000,0.0094410728698828,99.15217170865954,C
APP IPHONE 16 PRO MAX CL CASE,1019000,0.0094410728698828,99.16161278152941,C
XIM MI WIFI RANGE EXTENDER AC1200,1006000,0.009320627386753775,99.17093340891617,C
IT1 NOBLE BT SPEAKER T11 - BLACK,999000,0.009255772126607376,99.18018918104278,C
HWE BARTOK K-KEYBOARD BLACK,999000,0.009255772126607376,99.18944495316939,C
LMA PLATINUM TG FOR IPHONE 17 PRO MAX,998000,0.009246507089443605,99.19869146025883,C
LOP SMART WATCH APOLLO Z01 - NAVY,998000,0.009246507089443605,99.20793796734827,C
XIM REDMI BUDS 6 LITE BLACK,996000,0.009227977015116061,99.21716594436339,C
LOP MICUBE PORTABLE X11 - BLUE,996000,0.009227977015116061,99.2263939213785,C
REALME BUDS T200 LITE VOLT BLACK,995000,0.009218711977952291,99.23561263335645,C
IT1 METALLIC CABLE C TO C-BLACK,995000,0.009218711977952291,99.2448313453344,C
IT1 USB A TO LIGHTNING TPE CABLE 1.2M,995000,0.009218711977952291,99.25405005731236,C
IT1 SMART LED BULB 15W CCT BT03,990000,0.009172386792133436,99.26322244410449,C
SDK ULTRA LUXE OTG TYPE C/A 128GB-SIL,951000,0.008811050342746362,99.27203349444723,C
TSEL HALO PLUS DEVICE PLAN 150K-6M (NS),915750,0.008484457782723429,99.28051795222996,C
LMA TG SAMSUNG A36/A56/S24FE,903000,0.008366328558885345,99.28888428078884,C
IT1 THUNDERBAR MINI TUBE T09 - LDU,899000,0.008329268410230262,99.29721354919907,C
SAM GALAXY FIT3 - SILVER,899000,0.008329268410230262,99.30554281760931,C
SAM GALAXY FIT3 - PINK GOLD,899000,0.008329268410230262,99.31387208601954,C
IT1 PLUG IT 30 W CUBE- LIGHT BLU,897000,0.008310738335902719,99.32218282435545,C
LMA CAM PROTECTOR IPHONE 16PRO/16PROMAX,894000,0.008282943224411405,99.33046576757987,C
LOP BONE CONDUCTION X17 LITE - NAVY,837000,0.007754836106076449,99.33822060368594,C
REDMI BUDS 6 ACTIVE BLACK,836000,0.007745571068912679,99.34596617475485,C
TREND MICRO MOBILE SECURITY (12M),832500,0.007713143438839479,99.35367931819368,C
SMART WATCH INFINIX XW3 BLACK ID,807000,0.007476884991163315,99.36115620318485,C
SAM GALAXY BUDS CORE - BLACK,799000,0.007402764693853146,99.3685589678787,C
SAM Z FOLD7 SILICONE CASE - BLUE,799000,0.007402764693853146,99.37596173257255,C
APP IPAD AIR 10.5 SMRT CVR-WHT FAE,799000,0.007402764693853146,99.3833644972664,C
IT 3 IN 1 WIRELESS CHARGER FLIP - BLACK (*SPECIAL CONDITION),799000,0.007402764693853146,99.39076726196025,C
IT BLUETOOTH WIRELESS HEADPHONE SONIC ANC / ENC WH01 - BLACK,799000,0.007402764693853146,99.3981700266541,C
IT1 ACTIVE WATCH MOON WR02 - NAVY,799000,0.007402764693853146,99.40557279134795,C
IT1 ACTIVE WATCH MOON WR02 - GREY,799000,0.007402764693853146,99.4129755560418,C
LOP BT HEADPHONE X01 PRO - BLACK,798000,0.007393499656689376,99.42036905569849,C
LOP BONE CONDUCTION EARPHONE X07-GRN,798000,0.007393499656689376,99.42776255535517,C
OPPO ENCO BUDS2 W15 BUNDLING A5,798000,0.007393499656689376,99.43515605501186,C
LMA TG APPLE IPAD AIR 11-INCH - 2024,798000,0.007393499656689376,99.44254955466855,C
IT1 SMART POWER SOCKET EXTENSION PS01,798000,0.007393499656689376,99.44994305432523,C
LOP TWS POP X26 BLACK,796000,0.007374969582361833,99.45731802390759,C
XIM REDMI BUDS 4 LITE (BLACK),796000,0.007374969582361833,99.46469299348995,C
PR4-TELEVISION-ADLD12-01,796000,0.007374969582361833,99.4720679630723,C
IT1 TWEED PWR CABLE USB C TO C 1.2M-BLK,796000,0.007374969582361833,99.47944293265466,C
APP IP 11 SILICONE CASE BLK FAE,749000,0.006939512835664589,99.48638244549032,C
LOP BT HEADPHONE DUO X12 - BLACK,747000,0.006920982761337046,99.49330342825166,C
IT1 SMART 3 GANG LIGHT SWITCH P06,738000,0.006837597426863107,99.50014102567853,C
LOP BT HEADPHONE MACARON X09-PINK,716000,0.006633766609260142,99.50677479228779,C
PR4-NOTEBOOK-ADLD12-05,699000,0.006476260977476033,99.51325105326526,C
REDMI PAD 2 PRO KEYBOARD US ENGLISH GRAY,699000,0.006476260977476033,99.51972731424274,C
XIM REDMI WATCH 5 LITE BLACK,699000,0.006476260977476033,99.52620357522022,C
INFINIX XBUDS 3 LITE XE 33 BLACK,695000,0.006439200828820948,99.53264277604904,C
IT1 TRANS SILICA CABLE C TO C BLK,660000,0.006114924528088957,99.53875770057714,C
IT1 SMART LED LIGHTSTRIP 2M,658000,0.0060963944537614145,99.5448540950309,C
IT SMART WIFI TOUCH LIGHT WALL SWITCH 2 GANG P04 - SMART HOME IOT,658000,0.0060963944537614145,99.55095048948466,C
XIM SMART CAMERA C400,649000,0.006013009119287475,99.55696349860395,C
TSEL HALO PLUS IPHONE PLAN 100K-6M(NS),610500,0.005656305188482286,99.56261980379243,C
IT1 THUNDERBALL T10 - BLACK,599000,0.0055497572610989174,99.56816956105352,C
XIM MI TV STICK,599000,0.0055497572610989174,99.57371931831462,C
XIM REDMI BUDS 6 A   CLOUD WHITE,599000,0.0055497572610989174,99.57926907557571,C
IT1 PLUG IT 30 W CUBE -GRN,598000,0.005540492223935147,99.58480956779964,C
IT SMART WIFI TOUCH LIGHT WALL SWITCH 1 GANG P05 - SMART HOME IOT,598000,0.005540492223935147,99.59035006002357,C
IT1 PLUG IT 30 W CUBE -LILAC,598000,0.005540492223935147,99.5958905522475,C
PR4-WATCH-ADLD12-02,598000,0.005540492223935147,99.60143104447143,C
LOP POWERBANK DUALPORT 10K MAH LP02 -BLU,598000,0.005540492223935147,99.60697153669535,C
LOP TWS POCKET X28 - BLACK,598000,0.005540492223935147,99.61251202891928,C
IT1 POWER CONNECTOR UCB C TO C-PNK,597000,0.005531227186771375,99.61804325610605,C
"IT1 SELF WIND CABLE C TO C 1,2M - WHT",597000,0.005531227186771375,99.62357448329281,C
ACM C10E SLIM POWER BANK 10000MAH,597000,0.005531227186771375,99.62910571047958,C
PR4-TABLET-ADLD12-01,597000,0.005531227186771375,99.63463693766634,C
ADLD24+EW12-MOBILE-20P-03,559000,0.005179155774548071,99.63981609344088,C
LOP BONE CONDUCTION X17 LITE - WHITE,558000,0.0051698907373843,99.64498598417826,C
TSEL HALO PLUS IPHONE PLANE 100K-6M(NS),555000,0.005142095625892987,99.65012807980416,C
LMA ACTIVE PRO TOUCH CLEAR - WET SN,553000,0.005123565551565444,99.65525164535573,C
IT SMART SINGLE PLUG PS03 - 1 PORT POWER WITH POWER METER - WHITE,537000,0.004975324956945106,99.66022697031268,C
PR4-ADLD-UPSELL-SC-12-05,525000,0.004864144510979852,99.66509111482365,C
XIM SMART BAND 9 GLACIER SILVER,519000,0.004808554287997225,99.66989966911164,C
IT1 SMART RGB UNIVERSAL IR REMOTE  M01,507000,0.004697373842031971,99.67459704295368,C
MED CLEANING WIPES LENS&SCREEN(J)100PCS,500000,0.004632518581885573,99.67922956153556,C
PR4-TELEVISION-ADLD12-04,499000,0.004623253544721802,99.68385281508029,C
IT1 TUNEBUDS TWS GALAXY T57 BLK - LDU,499000,0.004623253544721802,99.68847606862501,C
IT SMART INDOOR ASTRO CAMERA C03 CCTV WIFI PAN TILT CAMERA 1080P - BLACK,499000,0.004623253544721802,99.69309932216973,C
XIM REDMI BUDS 5-WHITE,499000,0.004623253544721802,99.69772257571445,C
LOP SMART WATCH APOLLO Z01 - BLACK,499000,0.004623253544721802,99.70234582925917,C
PR3-TECPROTEC-ADLD12-04,499000,0.004623253544721802,99.7069690828039,C
LOP MICUBE PORTABLE X11 - BLACK,498000,0.004613988507558031,99.71158307131145,C
LOP BT HEADPHONE DUO X12 - CREAM,498000,0.004613988507558031,99.71619705981901,C
LOP MICUBE PORTABLE X11 - GREEN,498000,0.004613988507558031,99.72081104832657,C
LMA TEMPERED GLASS IPHONE 12/12PRO,495000,0.004586193396066718,99.72539724172263,C
IT1 POWERBANK SLIM PB11 10000MAH - LBLUE,479000,0.004437952801446379,99.72983519452409,C
ADLD12-TABLET-20P-02,478000,0.004428687764282608,99.73426388228837,C
LOP NECKBAND BT EARPHONE X15-YELLOW,476000,0.004410157689955067,99.73867403997833,C
ACM MINIMAX SUPERMINI PB 10000MAH PINK,449000,0.004160001686533245,99.74283404166486,C
ACM CHARGER CPD20W - WHITE,447000,0.004141471612205703,99.74697551327706,C
LMA CAMERA PROTECTOR IPHONE 14/14 PLUS,447000,0.004141471612205703,99.75111698488926,C
PR3-TECPROTEC-ADLD06-02,438000,0.004058086277731762,99.755175071167,C
IT PLUG 40 WATT DUAL PORT TYPE C CHARGER HANDPHONE DAN LAPTOP  - BLACK,429000,0.003974700943257822,99.75914977211026,C
LOP MINI GLOW TWS X24 - WHITE,418000,0.0038727855344563395,99.76302255764472,C
REDMI BUDS 6 ACTIVE WHITE,418000,0.0038727855344563395,99.76689534317917,C
LOP MINI GLOW TWS X24 - BLACK,418000,0.0038727855344563395,99.77076812871363,C
PR3-ADLD12-SAVE100K-04,399000,0.003696749828344688,99.77446487854198,C
XIAOMI OUTDOOR CAMERA AW200,399000,0.003696749828344688,99.77816162837033,C
PR3-TECPROTEC-ADLD12-03,399000,0.003696749828344688,99.78185837819868,C
LOP TWS CRYSTAL X21 - BLUE,399000,0.003696749828344688,99.78555512802703,C
LOP TWS POP X26 PINK,398000,0.0036874847911809163,99.78924261281821,C
PR3-TECPROTEC-ADLD06-01,398000,0.0036874847911809163,99.7929300976094,C
LMA PLUS TG FOR SAMSUNG A07/A06/A05,396000,0.0036689547168533743,99.79659905232626,C
LOOPS BICYCLE PHONE HOLDER H01,387000,0.003585569382379434,99.80018462170864,C
IT1 SMART POWER SOCKET SINGLE PLUG PS03,358000,0.003316883304630071,99.80350150501327,C
IT1 SMART LED LIGHTSTRIP EXTENSION,358000,0.003316883304630071,99.80681838831791,C
LOP NECKBAND BT EARPHONE X15 - PINK,357000,0.0033076182674662996,99.81012600658538,C
LOP IN EAR EARPHONE PRO W2 BLK,357000,0.0033076182674662996,99.81343362485285,C
PR3-TECPROTEC-ADLD12-02,349000,0.0032334979701561305,99.816667122823,C
LMA TG SAMSUNG A06,345000,0.003196437821501046,99.8198635606445,C
LMA TEMPERED GLASS REDMI NOTE 13/13PRO,345000,0.003196437821501046,99.82305999846601,C
APP EARPODS (USB-C),329000,0.0030481972268807072,99.82610819569288,C
IT1 SMART 2 GANG LIGHT SWITCH P04,329000,0.0030481972268807072,99.82915639291976,C
ADLD12-MOBILE-20 -03,319000,0.002955546855242996,99.832111939775,C
MCN IP16 PLUS CASTISHOCK II MAG-WHT,319000,0.002955546855242996,99.83506748663025,C
LOP NECKBAND BT EARPHONE X16 - BLUE,318000,0.002946281818079225,99.83801376844833,C
LOP NECKBAND BT EARPHONE X16 - PINK,318000,0.002946281818079225,99.84096005026642,C
RLM BUDS T01 BLACK,318000,0.002946281818079225,99.8439063320845,C
LOP NECKBAND BT EARPHONE X16 - RED,318000,0.002946281818079225,99.84685261390258,C
LOP IN-EAR EARPHONES W1 1.2M - BLK,316000,0.0029277517437516828,99.84978036564634,C
LOP IN EAR EARPHONE W4 RED,315000,0.0029184867065879115,99.85269885235293,C
IT1 SMART 1 GANG LIGHT SWITCH P05,299000,0.0027702461119675733,99.8554690984649,C
LOP MINI GO X20 PURPLE,299000,0.0027702461119675733,99.85823934457686,C
LOP MINI GO X20 BLACK,299000,0.0027702461119675733,99.86100959068882,C
LOP MINI BALL X19 GREY,299000,0.0027702461119675733,99.86377983680079,C
LOP MINI BALL X19 BLACK,299000,0.0027702461119675733,99.86655008291275,C
PR3-TV-ADLD12-01,299000,0.0027702461119675733,99.86932032902472,C
LOP TWS POCKET X28 - GRAY,299000,0.0027702461119675733,99.87209057513668,C
SAMSUNG TRAVEL ADAPTER 25W - BLACK,299000,0.0027702461119675733,99.87486082124865,C
OPPO ENCO BUDS3 WHITE,299000,0.0027702461119675733,99.87763106736061,C
PR3-TECPROTEC-ADLD06-04,299000,0.0027702461119675733,99.88040131347257,C
LOP GLASSY SERIES CABLE C TO L - BLUE,285000,0.002640535591674777,99.88304184906426,C
XIM BUDS 6 PLAY PINK,278000,0.002575680331528379,99.88561752939579,C
XIM BUDS 6 PLAY BLUE,278000,0.002575680331528379,99.88819320972732,C
IT1 TRANS SILICA CABLE C TO L LILAC,275000,0.0025478852200370656,99.89074109494736,C
LOP IN EAR EARPHONE W4 GLD,270000,0.0025015600342182098,99.89324265498158,C
XIM TYPE-C EARPHONES (BLACK),267800,0.002481176952457913,99.89572383193403,C
LMA TG SAMSUNG A36/A56,258000,0.002390379588252956,99.89811421152228,C
LMA TG SAMSUNG A54/ S23 FE CLEAR,258000,0.002390379588252956,99.90050459111053,C
LMA TEMPERED GLASS SAMSUNG A35/A55,258000,0.002390379588252956,99.90289497069878,C
XIM REDMI BUDS 6 PLAY WHITE,258000,0.002390379588252956,99.90528535028703,C
LOP USB C TO C CABLE 1.2M - BLACK,255000,0.002362584476761643,99.90764793476379,C
LOOPS BLUETOOTH HEADPHONE DUO X12 - CREAM,249000,0.0023069942537790153,99.90995492901757,C
PR3-ADLD12-SAVE100K-02,249000,0.0023069942537790153,99.91226192327136,C
LOP 3.5MM JACK TYPE C CONVRTER A CBL WHT,245000,0.002269934105123931,99.91453185737649,C
XIM MI BRAIDED USB TYPE-C CABLE 100CMBLK,245000,0.002269934105123931,99.91680179148162,C
MCN IP16 PRO MAX LUGGAGE MAG-CLEAR,239000,0.002214343882141304,99.91901613536376,C
LOP IN EAR TYPE C EARPHONE TWIST W15-WHT,218000,0.00201977810170211,99.92103591346546,C
LOP IN EAR TYPE C EARPHONE TWIST W15-BLK,218000,0.00201977810170211,99.92305569156716,C
LMA TEMPERED GLASS SAMSUNG A15,207000,0.0019178626929006275,99.92497355426006,C
VIVO Y400 4G 8/128GB PURPLE PO(N),200001,0.001853016697791393,99.92682657095786,C
TAS BEKAL ERAFONE,200000,0.0018530074327542294,99.92867957839061,C
XL ESIM XMARTPLAN 10GB 1Y ANDROID,200000,0.0018530074327542294,99.93053258582337,C
LOP TWS POP X26 WHITE,199000,0.0018437423955904582,99.93237632821896,C
HWE QUICKLNK FIT 3/4 20MM GREEN STRP BUN,199000,0.0018437423955904582,99.93422007061456,C
REALME BUDS T200 LITE AURORA PURPLE,199000,0.0018437423955904582,99.93606381301015,C
PR4-WATCH-ADLD12-01,199000,0.0018437423955904582,99.93790755540574,C
IT SMART LED BULB WIFI 12W RGB+WW LAMPU BOHLAM PINTAR,199000,0.0018437423955904582,99.93975129780134,C
"IT1 SELF WIND CABLE C TO C 1,2M - BLK",199000,0.0018437423955904582,99.94159504019693,C
ACM UNILINE CABLE A TO C 2 M - R.PINK,198000,0.0018344773584266871,99.94342951755536,C
ACM UNILINE CABLE A TO C 2 M - BLACK,198000,0.0018344773584266871,99.94526399491379,C
XIM TYPE-C EARPHONES (WHITE),194700,0.0018039027357862423,99.94706789764957,C
LOP GLASSY SERIES CABLE C TO L - WHITE,190000,0.0017603570611165178,99.94882825471069,C
LOP CANDY SERIES CABLE A TO C-SKY,180000,0.0016677066894788066,99.95049596140016,C
LOP NYLON GAMING CABLE - TYPE C BLK,180000,0.0016677066894788066,99.95216366808964,C
LOP CAR CHARGER ULTRA 38W - GREY,180000,0.0016677066894788066,99.95383137477911,C
LOP CAR CHARGER ULTRA 38W - BLACK,180000,0.0016677066894788066,99.95549908146859,C
"IT POWER CONNECTOR USB A TO USB C CABLE 1,2 M - BLACK",179000,0.0016584416523150354,99.9571575231209,C
XIM USB TYPE C TO TYPE C 150CM,177000,0.0016399115779874931,99.95879743469888,C
LOP USB C TO C CABLE 1.2M PRO-PINK,170000,0.001575056317841095,99.96037249101673,C
LOP USB C TO C CABLE 1.2M PRO-RED,170000,0.001575056317841095,99.96194754733457,C
LOP USB C TO C CABLE 1.2M PRO-BLUE,170000,0.001575056317841095,99.96352260365242,C
LOP GLASSY SERIES CABLE C TO C - BLACK,170000,0.001575056317841095,99.96509765997027,C
LOP GLASSY SERIES CABLE C TO C - BLUE,170000,0.001575056317841095,99.96667271628812,C
LTH M196 BLUETOOTH MOUSE ROSE,165000,0.0015287311320222392,99.96820144742014,C
LTH M196 BLUETOOTH MOUSE GRAPHITE,165000,0.0015287311320222392,99.96973017855217,C
LOP CANDY SERIES CABLE A TO L-GRAPE,165000,0.0015287311320222392,99.9712589096842,C
LMA TEMPERED GLASS SAMSUNG A25,158000,0.0014638758718758414,99.97272278555607,C
IT SMART LED BULB BLUETOOTH 9W RGB+WW BT01 LAMPU BOHLAM PINTAR,149000,0.0013804905374019008,99.97410327609347,C
LOP MICRO USB CABLE 1.2M - RED,147000,0.0013619604630743585,99.97546523655654,C
LOP NYLON GAMING CABLE -LIGHT TO USB RED,147000,0.0013619604630743585,99.97682719701962,C
LMA TEMPERED GLASS FOR SAMSUNG A05/A06,138000,0.0012785751286004182,99.97810577214821,C
LMA TG SAMSUNG A16,138000,0.0012785751286004182,99.9793843472768,C
LMA TEMPERED GLASS SAMSUNG A05/A05S,138000,0.0012785751286004182,99.9806629224054,C
LMA TG SAMSUNG A05/A05S,138000,0.0012785751286004182,99.981941497534,C
LMA TG XIAOMI 13T/13T PRO,138000,0.0012785751286004182,99.98322007266259,C
LOP CANDY SERIES CABLE A TO C-PEACH,135000,0.0012507800171091049,99.98447085267969,C
LOP TYPE C TPE CABLE SLV,135000,0.0012507800171091049,99.9857216326968,C
IFX EU XC06 + XDC23 WHITE,119000,0.0011025394224887667,99.98682417211928,C
XIM USB-C CABLE 1M-WHT,117000,0.0010840093481612242,99.98790818146745,C
LOP MICRO USB TPE CABLE BLK,105000,0.0009728289021959705,99.98888101036964,C
LOP MICRO USB TPE CABLE GLD,105000,0.0009728289021959705,99.98985383927183,C
LOP MICRO USB TPE CABLE RED,105000,0.0009728289021959705,99.99082666817402,C
LOP MICRO USB TPE CABLE SLV,105000,0.0009728289021959705,99.99179949707622,C
IT1 SMART LED BULB 15W CCT BT03 - LDU,99000,0.0009172386792133436,99.99271673575542,C
LOP TYPE C EARPHONE W11 SVR,99000,0.0009172386792133436,99.99363397443463,C
LOP MICRO USB NYLON CABLE 1.2M - BLK,98000,0.0009079736420495724,99.99454194807667,C
LOOPS GLASSY SERIES CABLE C TO L - WHITE,95000,0.0008801785305582589,99.99542212660724,C
LOP CANDY SERIES CABLE A TO C-GRAPE,90000,0.0008338533447394033,99.99625597995198,C
LOOPS GLASSY SERIES CABLE C TO C - BLACK,85000,0.0007875281589205475,99.9970435081109,C
LOOPS GLASSY SERIES CABLE C TO C - BLUE,85000,0.0007875281589205475,99.99783103626983,C
LMA TEMPERED GLASS REDMI 13C,69000,0.0006392875643002091,99.99847032383413,C
LOP CANDY SERIES CABLE A TO L-SKY,55000,0.000509577044007413,99.99897990087814,C
LOOPS CANDY SERIES CABLE A TO L - PEACH,55000,0.000509577044007413,99.99948947792215,C
LOP CANDY SERIES CABLE A TO C-MELON,45000,0.00041692667236970166,99.99990640459453,C
SP TELKOMSEL 10K S245 JABODETABEK,10100,9.357687535408858e-05,99.99999998146988,C
PR4-IPHONE17-ADLD12-06,2,1.8530074327542292e-08,99.99999999999996,C
